"0","#load packages"
"0","library(tidyverse)"
"2","â”€â”€ [1mAttaching core tidyverse packages[22m â”€â”€â”€â”€â”€â”€â”€â”€â”€â”€â”€â”€â”€â”€â”€â”€â”€â”€â”€â”€â”€â”€â”€â”€â”€â”€â”€â”€â”€â”€â”€ tidyverse 2.0.0 â”€â”€
[32mâœ”[39m [34mdplyr    [39m 1.1.0     [32mâœ”[39m [34mreadr    [39m 2.1.4
[32mâœ”[39m [34mforcats  [39m 1.0.0     [32mâœ”[39m [34mstringr  [39m 1.5.0
[32mâœ”[39m [34mggplot2  [39m 3.4.1     [32mâœ”[39m [34mtibble   [39m 3.2.0
[32mâœ”[39m [34mlubridate[39m 1.9.2     [32mâœ”[39m [34mtidyr    [39m 1.3.0
[32mâœ”[39m [34mpurrr    [39m 1.0.1     "
"2","â”€â”€ [1mConflicts[22m â”€â”€â”€â”€â”€â”€â”€â”€â”€â”€â”€â”€â”€â”€â”€â”€â”€â”€â”€â”€â”€â”€â”€â”€â”€â”€â”€â”€â”€â”€â”€â”€â”€â”€â”€â”€â”€â”€â”€â”€â”€â”€â”€â”€â”€â”€â”€â”€â”€ tidyverse_conflicts() â”€â”€
[31mâœ–[39m [34mdplyr[39m::[32mfilter()[39m masks [34mstats[39m::filter()
[31mâœ–[39m [34mdplyr[39m::[32mlag()[39m    masks [34mstats[39m::lag()
[36mâ„¹[39m Use the ]8;;http://conflicted.r-lib.org/conflicted package]8;; to force all conflicts to become errors"
"0","library(irtoys)"
"2","Loading required package: sm
"
"2","Package 'sm', version 2.2-5.7: type help(sm) for summary information
"
"2","Loading required package: ltm
"
"2","Loading required package: MASS
"
"2","
Attaching package: â€˜MASSâ€™

"
"2","The following object is masked from â€˜package:smâ€™:

    muscle

"
"2","The following object is masked from â€˜package:dplyrâ€™:

    select

"
"2","Loading required package: msm
"
"2","Loading required package: polycor
"
"0","library(ltm)"
"0","library(mirt)"
"2","Loading required package: stats4
"
"2","Loading required package: lattice
"
"2","
Attaching package: â€˜mirtâ€™

"
"2","The following object is masked from â€˜package:ltmâ€™:

    Science

"
"0","library(eRm)"
"2","
Attaching package: â€˜eRmâ€™

"
"2","The following objects are masked from â€˜package:mirtâ€™:

    itemfit, personfit

"
